florian dumont,florian.dumont@example.com,https://randomuser.me/api/portraits/thumb/men/63.jpg,06-21-57-29-81
karen armstrong,karen.armstrong@example.com,https://randomuser.me/api/portraits/thumb/women/45.jpg,0788-315-085
آیناز کوتی,آیناز.کوتی@example.com,https://randomuser.me/api/portraits/thumb/women/15.jpg,0944-756-4215
abigail thomas,abigail.thomas@example.com,https://randomuser.me/api/portraits/thumb/women/56.jpg,(141)-468-2182
alfredo horton,alfredo.horton@example.com,https://randomuser.me/api/portraits/thumb/men/43.jpg,0751-163-313
abigail armstrong,abigail.armstrong@example.com,https://randomuser.me/api/portraits/thumb/women/53.jpg,081-896-7450
onira fernandes,onira.fernandes@example.com,https://randomuser.me/api/portraits/thumb/women/41.jpg,(96) 4144-5662
غزل مرادی,غزل.مرادی@example.com,https://randomuser.me/api/portraits/thumb/women/66.jpg,0965-171-8234
felix kristensen,felix.kristensen@example.com,https://randomuser.me/api/portraits/thumb/men/52.jpg,26520283
anton madsen,anton.madsen@example.com,https://randomuser.me/api/portraits/thumb/men/99.jpg,67438118
eetu elo,eetu.elo@example.com,https://randomuser.me/api/portraits/thumb/men/85.jpg,040-344-98-60
françois dupont,françois.dupont@example.com,https://randomuser.me/api/portraits/thumb/men/34.jpg,(038)-732-5047
fatih adal,fatih.adal@example.com,https://randomuser.me/api/portraits/thumb/men/83.jpg,(533)-697-7719
ignacio blanco,ignacio.blanco@example.com,https://randomuser.me/api/portraits/thumb/men/9.jpg,696-440-817
vicky sanders,vicky.sanders@example.com,https://randomuser.me/api/portraits/thumb/women/2.jpg,081-809-9575
hermano moura,hermano.moura@example.com,https://randomuser.me/api/portraits/thumb/men/95.jpg,(06) 1458-3095
denis tappe,denis.tappe@example.com,https://randomuser.me/api/portraits/thumb/men/19.jpg,0179-0846403
romy bischoff,romy.bischoff@example.com,https://randomuser.me/api/portraits/thumb/women/29.jpg,0170-5774757
ronnie howard,ronnie.howard@example.com,https://randomuser.me/api/portraits/thumb/men/2.jpg,0744-472-049
houssain engberts,houssain.engberts@example.com,https://randomuser.me/api/portraits/thumb/men/63.jpg,(745)-736-5027
